title,company,location,description,url,source,category
"Intern, IT - Business Strategy (Summer 2025)",Delta Air Lines,"Atlanta, GA",See link for details,https://www.linkedin.com/jobs/view/intern-it-business-strategy-summer-2025-at-delta-air-lines-4000850328?position=1&pageNum=0&refId=SoFdsU7YsFsh3jPy%2FfshVA%3D%3D&trackingId=2QqjGTmviZQIOIsSDoE5%2Fw%3D%3D,LinkedIn,Technology
Summer 2025 Intern - Creative & Design,Roc Nation,"New York, NY",See link for details,https://www.linkedin.com/jobs/view/summer-2025-intern-creative-design-at-roc-nation-4169679169?position=2&pageNum=0&refId=SoFdsU7YsFsh3jPy%2FfshVA%3D%3D&trackingId=64s7j9%2FSlqSW2m8XdxssYQ%3D%3D,LinkedIn,Technology
IT Intern - Summer 2025,St. Thomas School,"Medina, WA",See link for details,https://www.linkedin.com/jobs/view/it-intern-summer-2025-at-st-thomas-school-4140843346?position=3&pageNum=0&refId=SoFdsU7YsFsh3jPy%2FfshVA%3D%3D&trackingId=kTkCYsH0%2FIS3vo9sEwDLtg%3D%3D,LinkedIn,Technology
IT Internship,BankNewport,"Middletown, RI",See link for details,https://www.linkedin.com/jobs/view/it-internship-at-banknewport-4178205612?position=4&pageNum=0&refId=SoFdsU7YsFsh3jPy%2FfshVA%3D%3D&trackingId=%2F1IGvBQoXb37yNaw3pCuqQ%3D%3D,LinkedIn,Technology
Intern/Co-Op - Boston,"RMF Engineering, Inc.","Boston, MA",See link for details,https://www.linkedin.com/jobs/view/intern-co-op-boston-at-rmf-engineering-inc-4130166421?position=5&pageNum=0&refId=SoFdsU7YsFsh3jPy%2FfshVA%3D%3D&trackingId=EDUft2Sv18BwBiEJ%2BfYitA%3D%3D,LinkedIn,Technology
IT Intern (April-July 2025),"Southern Industrial Constructors, Inc.","Raleigh, NC",See link for details,https://www.linkedin.com/jobs/view/it-intern-april-july-2025-at-southern-industrial-constructors-inc-4092096156?position=6&pageNum=0&refId=SoFdsU7YsFsh3jPy%2FfshVA%3D%3D&trackingId=abC4pdgv5VCYqYROoArZhw%3D%3D,LinkedIn,Technology
Intern/Co-Op - GA,"RMF Engineering, Inc.","Atlanta, GA",See link for details,https://www.linkedin.com/jobs/view/intern-co-op-ga-at-rmf-engineering-inc-4024456163?position=7&pageNum=0&refId=SoFdsU7YsFsh3jPy%2FfshVA%3D%3D&trackingId=FtMu2Spm%2BdMi166n3gd%2Brw%3D%3D,LinkedIn,Technology
2025 Summer Internship,The Shipyard,"Sacramento, CA",See link for details,https://www.linkedin.com/jobs/view/2025-summer-internship-at-the-shipyard-4153129117?position=8&pageNum=0&refId=SoFdsU7YsFsh3jPy%2FfshVA%3D%3D&trackingId=DsI%2Bi4oaKYdciRcL3kcbUQ%3D%3D,LinkedIn,Technology
College Student Internship,City of Concord,"Concord, CA",See link for details,https://www.linkedin.com/jobs/view/college-student-internship-at-city-of-concord-4178683047?position=10&pageNum=0&refId=SoFdsU7YsFsh3jPy%2FfshVA%3D%3D&trackingId=e20M1P6qo3ym6G5d5Ghbzw%3D%3D,LinkedIn,Technology
Intern/Co-Op - SC,"RMF Engineering, Inc.","Charleston, SC",See link for details,https://www.linkedin.com/jobs/view/intern-co-op-sc-at-rmf-engineering-inc-4055841357?position=11&pageNum=0&refId=SoFdsU7YsFsh3jPy%2FfshVA%3D%3D&trackingId=DH0xYkrDsnYnOJzlq5zPRQ%3D%3D,LinkedIn,Technology
Summer 2025 Internship,Macmillan,"New York, United States",See link for details,https://www.linkedin.com/jobs/view/summer-2025-internship-at-macmillan-4183447110?position=12&pageNum=0&refId=SoFdsU7YsFsh3jPy%2FfshVA%3D%3D&trackingId=%2BWWP5Sem5LdrQETAFLwkPQ%3D%3D,LinkedIn,Technology
SUMMER INTERN,Marimn Health,"Plummer, ID",See link for details,https://www.linkedin.com/jobs/view/summer-intern-at-marimn-health-4180434327?position=13&pageNum=0&refId=SoFdsU7YsFsh3jPy%2FfshVA%3D%3D&trackingId=ikNW1K6D5ps3VaokCtCjuQ%3D%3D,LinkedIn,Technology
Events Intern (Remote),USA Football,"Indianapolis, IN",See link for details,https://www.linkedin.com/jobs/view/events-intern-remote-at-usa-football-4175889413?position=14&pageNum=0&refId=SoFdsU7YsFsh3jPy%2FfshVA%3D%3D&trackingId=wW7WTsgEw0nbj6E8vB9u%2Bg%3D%3D,LinkedIn,Technology
Intern - Human Resources (Summer 2025),Willkie Farr & Gallagher LLP,"Washington, DC",See link for details,https://www.linkedin.com/jobs/view/intern-human-resources-summer-2025-at-willkie-farr-gallagher-llp-4182397901?position=15&pageNum=0&refId=SoFdsU7YsFsh3jPy%2FfshVA%3D%3D&trackingId=NqkJtNnywyAZgW71YrpiVg%3D%3D,LinkedIn,Technology
Summer 2025 Intern - Media,Aventiv Technologies,United States,See link for details,https://www.linkedin.com/jobs/view/summer-2025-intern-media-at-aventiv-technologies-4169731348?position=16&pageNum=0&refId=SoFdsU7YsFsh3jPy%2FfshVA%3D%3D&trackingId=vFHnYG7UmRqOeG61Cc96iw%3D%3D,LinkedIn,Technology
Summer Internship,Schuman Cheese,"Fairfield, NJ",See link for details,https://www.linkedin.com/jobs/view/summer-internship-at-schuman-cheese-4152020259?position=17&pageNum=0&refId=SoFdsU7YsFsh3jPy%2FfshVA%3D%3D&trackingId=8lLlAegXO0fSV1oYl0o%2FdA%3D%3D,LinkedIn,Technology
CRE Intern,"Stride, Inc.",United States,See link for details,https://www.linkedin.com/jobs/view/cre-intern-at-stride-inc-4153159139?position=18&pageNum=0&refId=SoFdsU7YsFsh3jPy%2FfshVA%3D%3D&trackingId=9J%2F68P1ZbIv5AnRnrn0R9Q%3D%3D,LinkedIn,Technology
"Photonics Characterization, Intern (Boston)",Lightmatter,"Boston, MA",See link for details,https://www.linkedin.com/jobs/view/photonics-characterization-intern-boston-at-lightmatter-4149286955?position=19&pageNum=0&refId=SoFdsU7YsFsh3jPy%2FfshVA%3D%3D&trackingId=562veA%2Bx0WodCzVR9vB7tg%3D%3D,LinkedIn,Technology
Student Intern,"Sabine Surveyors, Ltd.","Port Arthur, TX",See link for details,https://www.linkedin.com/jobs/view/student-intern-at-sabine-surveyors-ltd-4157073095?position=20&pageNum=0&refId=SoFdsU7YsFsh3jPy%2FfshVA%3D%3D&trackingId=52IcymmD1Cdu3qpg%2BVBi%2Fg%3D%3D,LinkedIn,Technology
Internship - Undergraduate,Blue Origin,"Arlington, VA",See link for details,https://www.linkedin.com/jobs/view/internship-undergraduate-at-blue-origin-4164198406?position=21&pageNum=0&refId=SoFdsU7YsFsh3jPy%2FfshVA%3D%3D&trackingId=kJqqwlRp9tIx4pHF3rVBrQ%3D%3D,LinkedIn,Technology
Royalty Intern,NKSFB,"Los Angeles, CA",See link for details,https://www.linkedin.com/jobs/view/royalty-intern-at-nksfb-4161859703?position=24&pageNum=0&refId=SoFdsU7YsFsh3jPy%2FfshVA%3D%3D&trackingId=%2F1btOZJCeQmf02Nug8qQow%3D%3D,LinkedIn,Technology
Project Management Intern,Metrea,"Temecula, CA",See link for details,https://www.linkedin.com/jobs/view/project-management-intern-at-metrea-4173081787?position=25&pageNum=0&refId=SoFdsU7YsFsh3jPy%2FfshVA%3D%3D&trackingId=k120voq7t1JTgkcaiVu4Og%3D%3D,LinkedIn,Technology
"Summer Internship, Marketing",Wonderful Citrus,"Delano, CA",See link for details,https://www.linkedin.com/jobs/view/summer-internship-marketing-at-wonderful-citrus-4185030711?position=27&pageNum=0&refId=SoFdsU7YsFsh3jPy%2FfshVA%3D%3D&trackingId=%2Fid%2F7873hlk2TEu64vohQQ%3D%3D,LinkedIn,Technology
Marketing Intern - Phoenix,"Ryan Companies US, Inc.","Phoenix, AZ",See link for details,https://www.linkedin.com/jobs/view/marketing-intern-phoenix-at-ryan-companies-us-inc-4180581415?position=28&pageNum=0&refId=SoFdsU7YsFsh3jPy%2FfshVA%3D%3D&trackingId=VHvsd5AVuNk1wlAfO2WmYQ%3D%3D,LinkedIn,Technology
Network / Cybersecurity Intern - Summer 2025,CACI International Inc,"High Point, NC",See link for details,https://www.linkedin.com/jobs/view/network-cybersecurity-intern-summer-2025-at-caci-international-inc-4168496377?position=29&pageNum=0&refId=SoFdsU7YsFsh3jPy%2FfshVA%3D%3D&trackingId=%2FpEt%2BXB1JrT30q%2FEEuibzQ%3D%3D,LinkedIn,Technology
Internship,BrightStar Credit Union,"Cooper City, FL",See link for details,https://www.linkedin.com/jobs/view/internship-at-brightstar-credit-union-4181741615?position=32&pageNum=0&refId=SoFdsU7YsFsh3jPy%2FfshVA%3D%3D&trackingId=i3Li8XC056%2BEQvdhTWX1eg%3D%3D,LinkedIn,Technology
CAPITAL MARKETS FINANCE INTERN,University of California Office of the President,"Oakland, CA",See link for details,https://www.linkedin.com/jobs/view/capital-markets-finance-intern-at-university-of-california-office-of-the-president-4169060152?position=33&pageNum=0&refId=SoFdsU7YsFsh3jPy%2FfshVA%3D%3D&trackingId=PrPa4GLTU1M7%2BzhZfKRXEQ%3D%3D,LinkedIn,Technology
Architecture- Intern,The Beck Group,"Dallas, TX",See link for details,https://www.linkedin.com/jobs/view/architecture-intern-at-the-beck-group-4165400091?position=34&pageNum=0&refId=SoFdsU7YsFsh3jPy%2FfshVA%3D%3D&trackingId=%2FDAITHq2fdSrYBfk6cEq3g%3D%3D,LinkedIn,Technology
Temporary Project Management Intern,University of Chicago,"Chicago, IL",See link for details,https://www.linkedin.com/jobs/view/temporary-project-management-intern-at-university-of-chicago-4144961664?position=35&pageNum=0&refId=SoFdsU7YsFsh3jPy%2FfshVA%3D%3D&trackingId=952RHNKQL81p%2BVNm6L2IIQ%3D%3D,LinkedIn,Technology
Marketing Intern,Central States Industrial (CSI),"Springfield, MO",See link for details,https://www.linkedin.com/jobs/view/marketing-intern-at-central-states-industrial-csi-4179445283?position=36&pageNum=0&refId=SoFdsU7YsFsh3jPy%2FfshVA%3D%3D&trackingId=WDtzJSuMgEAd%2BClSHcf56A%3D%3D,LinkedIn,Technology
Student Intern - Hawaii Health Partners,Hawaii Pacific Health,"Honolulu, HI",See link for details,https://www.linkedin.com/jobs/view/student-intern-hawaii-health-partners-at-hawaii-pacific-health-4172292002?position=38&pageNum=0&refId=SoFdsU7YsFsh3jPy%2FfshVA%3D%3D&trackingId=Qf2Ilka%2F77OHJcNAhk700w%3D%3D,LinkedIn,Technology
Legal Intern (Summer 2025) | City Bar Justice Center,New York City Bar Association,"New York, NY",See link for details,https://www.linkedin.com/jobs/view/legal-intern-summer-2025-city-bar-justice-center-at-new-york-city-bar-association-4152266823?position=39&pageNum=0&refId=SoFdsU7YsFsh3jPy%2FfshVA%3D%3D&trackingId=MOSG6kbDvRdtLs7EzubxZA%3D%3D,LinkedIn,Technology
Judicial Intern,"Superior Court, County of Santa Clara","Santa Clara, CA",See link for details,https://www.linkedin.com/jobs/view/judicial-intern-at-superior-court-county-of-santa-clara-4142365457?position=42&pageNum=0&refId=SoFdsU7YsFsh3jPy%2FfshVA%3D%3D&trackingId=YaFfgdFiiZaSTYMCJJesyA%3D%3D,LinkedIn,Technology
Club Intern,Hilton Grand Vacations,"Indianapolis, IN",See link for details,https://www.linkedin.com/jobs/view/club-intern-at-hilton-grand-vacations-4169423693?position=43&pageNum=0&refId=SoFdsU7YsFsh3jPy%2FfshVA%3D%3D&trackingId=Gg6TCjmaYJIUIhp%2FfXxIWg%3D%3D,LinkedIn,Technology
Claims Legal Intern,Markel,"Chicago, IL",See link for details,https://www.linkedin.com/jobs/view/claims-legal-intern-at-markel-4181192862?position=45&pageNum=0&refId=SoFdsU7YsFsh3jPy%2FfshVA%3D%3D&trackingId=RT2Nc%2Bp664r3CZy79ZhxmA%3D%3D,LinkedIn,Technology
Business Operations Intern,Metrea,"Temecula, CA",See link for details,https://www.linkedin.com/jobs/view/business-operations-intern-at-metrea-4173087302?position=46&pageNum=0&refId=SoFdsU7YsFsh3jPy%2FfshVA%3D%3D&trackingId=dAXx8OiQHHbu%2B6ULp%2BQ4Lg%3D%3D,LinkedIn,Technology
2025 Summer Intern,Bowers + Kubota Consulting,"Honolulu, HI",See link for details,https://www.linkedin.com/jobs/view/2025-summer-intern-at-bowers-%2B-kubota-consulting-4170319078?position=47&pageNum=0&refId=SoFdsU7YsFsh3jPy%2FfshVA%3D%3D&trackingId=IgVHzqvU2IGeuSKwWkiFDQ%3D%3D,LinkedIn,Technology
Marketing Intern - General,Legrand AV,"Eden Prairie, MN",See link for details,https://www.linkedin.com/jobs/view/marketing-intern-general-at-legrand-av-4090761016?position=48&pageNum=0&refId=SoFdsU7YsFsh3jPy%2FfshVA%3D%3D&trackingId=5U05Xe25XDQ46%2FZzmwuMCA%3D%3D,LinkedIn,Technology
INTERN - CASINO MARKETING,The Venetian Resort Las Vegas,"Las Vegas, NV",See link for details,https://www.linkedin.com/jobs/view/intern-casino-marketing-at-the-venetian-resort-las-vegas-4111985433?position=49&pageNum=0&refId=SoFdsU7YsFsh3jPy%2FfshVA%3D%3D&trackingId=5aqKLKJx2%2BHBdXQhEVTd3w%3D%3D,LinkedIn,Technology
Summer 2025 Marketing Internship (Remote),Baker Tilly US,"Chicago, IL",See link for details,https://www.linkedin.com/jobs/view/summer-2025-marketing-internship-remote-at-baker-tilly-us-4180281642?position=51&pageNum=0&refId=SoFdsU7YsFsh3jPy%2FfshVA%3D%3D&trackingId=aUNf4r7rCLcTP3Eo1VM3Cw%3D%3D,LinkedIn,Technology
Internship,"Impact Automation, Inc.","Columbia, MD",See link for details,https://www.linkedin.com/jobs/view/internship-at-impact-automation-inc-4137044953?position=52&pageNum=0&refId=SoFdsU7YsFsh3jPy%2FfshVA%3D%3D&trackingId=72jphp4dZYbMYvX6r%2F3tJw%3D%3D,LinkedIn,Technology
Teen Intern,City of Apache Junction,"Apache Junction, AZ",See link for details,https://www.linkedin.com/jobs/view/teen-intern-at-city-of-apache-junction-4180666392?position=53&pageNum=0&refId=SoFdsU7YsFsh3jPy%2FfshVA%3D%3D&trackingId=ucTE8mNVSCCHJ1iA2%2F8y1w%3D%3D,LinkedIn,Technology
UAS Intern,"Berry Aviation, Inc","Stillwater, OK",See link for details,https://www.linkedin.com/jobs/view/uas-intern-at-berry-aviation-inc-4102832387?position=54&pageNum=0&refId=SoFdsU7YsFsh3jPy%2FfshVA%3D%3D&trackingId=hOLQi17kbxxJE54K0Keb4A%3D%3D,LinkedIn,Technology
Summer Intern: Graphic Design,"RITALKA, INC","Montevideo, MN",See link for details,https://www.linkedin.com/jobs/view/summer-intern-graphic-design-at-ritalka-inc-4140573790?position=55&pageNum=0&refId=SoFdsU7YsFsh3jPy%2FfshVA%3D%3D&trackingId=nLHDCDJ5BsNXg6zx7Z4%2FOA%3D%3D,LinkedIn,Technology
Public Affairs Intern,Williamson County,"Georgetown, TX",See link for details,https://www.linkedin.com/jobs/view/public-affairs-intern-at-williamson-county-4176851642?position=56&pageNum=0&refId=SoFdsU7YsFsh3jPy%2FfshVA%3D%3D&trackingId=sEJYMN6lQsPO5cjnJmlhKA%3D%3D,LinkedIn,Technology
Student Intern - Structural,SSFM International,"Honolulu, HI",See link for details,https://www.linkedin.com/jobs/view/student-intern-structural-at-ssfm-international-4093791470?position=57&pageNum=0&refId=SoFdsU7YsFsh3jPy%2FfshVA%3D%3D&trackingId=1xvarJLOvXpfdh1in4bI9g%3D%3D,LinkedIn,Technology
"Summer Internship, Automation",Wonderful Citrus,"Delano, CA",See link for details,https://www.linkedin.com/jobs/view/summer-internship-automation-at-wonderful-citrus-4183587970?position=58&pageNum=0&refId=SoFdsU7YsFsh3jPy%2FfshVA%3D%3D&trackingId=xadkocJd348kzF1Q0won%2Fw%3D%3D,LinkedIn,Technology
Events Internship,Turning Point USA,"Phoenix, AZ",See link for details,https://www.linkedin.com/jobs/view/events-internship-at-turning-point-usa-4178584407?position=60&pageNum=0&refId=SoFdsU7YsFsh3jPy%2FfshVA%3D%3D&trackingId=W5%2FmzrKwcEhvQYnuyHxc2A%3D%3D,LinkedIn,Technology
